id_registro,id_coleta,data_scraping,data_analise_ia,data_geolocalizacao,evento,categoria,data_inicio,data_fim,horario_inicio,horario_fim,local_informado,endereco_informado,bairro_informado,referencia_local,descricao,confianca_extracao,observacoes,perfil,data_publicacao,url_post,shortcode,erros_imagem,_post_id,_event_index
725c2425c2a41f7d3803a2c22df08a65318bd226b072cf889432b13b52600565,,,,,Concurso Brasil Cup 2026 - noite de premiação e cerimônia de encerramento,gastronomia,2026-09-12,2026-09-12,,,Sesc Cacupé,,,,"Noite de premiação e encerramento do Concurso Brasil Cup 2026, com avaliação sensorial de bebidas e produtos não alcoólicos.",0.98,Data inferida a partir de 'no último sábado (12/09)' em relação à publicação de 2026-09-13.,floripa.cultural,2026-09-13 15:20:36,https://www.instagram.com/p/DdPMOrrEZFV/,DdPMOrrEZFV,imagem 7: UnidentifiedImageError; imagem 8: UnidentifiedImageError; imagem 9: UnidentifiedImageError; imagem 10: UnidentifiedImageError,DdPMOrrEZFV,0
8349a58c0894413e8e66e04ccc2ebfeb0e638513af360567e2a2c9636baa06a1,,,,,Festival de circo de Florianópolis,cultura,2026-09-12,2026-09-12,11:30,18:30,Floripa Shopping,,,,Festival de circo com entrada gratuita.,0.98,,floripa.cultural,2026-09-12 09:50:32,https://www.instagram.com/p/DdMBGLKRUlr/,DdMBGLKRUlr,,DdMBGLKRUlr,0
48f6f12c11ab02a40a315a2d9ea4cedf862497de362e3319d581551c15f7ee24,,,,,Cineclube da Mostra de Cinema Infantil,cultura,2026-09-12,2026-09-12,16:00,,Cinema do CIC,,,,Sessão de curtas brasileiras com temática indígena.,0.96,,floripa.cultural,2026-09-12 09:50:32,https://www.instagram.com/p/DdMBGLKRUlr/,DdMBGLKRUlr,,DdMBGLKRUlr,1
904159be5b00d3eae6732e1b0e12b3e9ad1e61917d9d58cc8fdb7502a1168926,,,,,Festival de Dança,cultura,2026-09-12,2026-09-12,,,Teatro do CIC,,,,Festival de dança com ingressos pela Blueticket.,0.92,,floripa.cultural,2026-09-12 09:50:32,https://www.instagram.com/p/DdMBGLKRUlr/,DdMBGLKRUlr,,DdMBGLKRUlr,2
fd676f13310f2f983ffd1753c6e7d54784674d9d7e2e854571822fa2ed1f4574,,,,,Tímon,cultura,2026-09-12,2026-09-12,19:30,,Teatro Camarim,,,,Espetáculo teatral da Persona Cia de Teatro.,0.96,,floripa.cultural,2026-09-12 09:50:32,https://www.instagram.com/p/DdMBGLKRUlr/,DdMBGLKRUlr,,DdMBGLKRUlr,3
cc2626e1ec4d8891883fa627e976791d846ddf6cf2cebbeb398507fc9a656e3f,,,,,Terapia,cultura,2026-09-12,2026-09-12,20:30,,Teatro Pedro Ivo,,,,Peça teatral com Marcelo Serrado.,0.96,,floripa.cultural,2026-09-12 09:50:32,https://www.instagram.com/p/DdMBGLKRUlr/,DdMBGLKRUlr,,DdMBGLKRUlr,4
bdfb9af83f55ee25d9a21c163a11d4bc3ce8a45bc3aaf84e7e5927fba9bd4c89,,,,,Nomade Orquestra,musica,2026-09-12,2026-09-12,21:00,,Bar DeRaiz,,,,Show de Nomade Orquestra no esquenta do Festival Saravá.,0.95,,floripa.cultural,2026-09-12 09:50:32,https://www.instagram.com/p/DdMBGLKRUlr/,DdMBGLKRUlr,,DdMBGLKRUlr,5
5a63d2ecaec7aca2f6e68b1ef2f8ad8a800d2aaf9561fea6e8d289acad360e3d,,,,,Teia do Brincar,cultura,2026-09-13,2026-09-13,09:00,12:00,"Parque Cultural do Campeche, Pacuca",,,,Vivência de brincadeiras da cultura infantil.,0.95,,floripa.cultural,2026-09-12 09:50:32,https://www.instagram.com/p/DdMBGLKRUlr/,DdMBGLKRUlr,,DdMBGLKRUlr,6
6ff38a36a6159f72a3890fd8be21e0a23b2fd90c07ecddd13d91df37372a9757,,,,,Marisco social,gastronomia,2026-09-13,2026-09-13,12:00,20:00,Centro de Eventos Oceania,,Ingleses,,Evento gastronômico Marisco social.,0.91,,floripa.cultural,2026-09-12 09:50:32,https://www.instagram.com/p/DdMBGLKRUlr/,DdMBGLKRUlr,,DdMBGLKRUlr,7
754d119e310464da56e80093f91e0a1662891b7f63a205a04c9f0fd73ed26e93,,,,,Festival de circo de Florianópolis,cultura,2026-09-13,2026-09-13,11:30,18:30,Floripa Shopping,,,,Festival de circo com entrada gratuita.,0.98,,floripa.cultural,2026-09-12 09:50:32,https://www.instagram.com/p/DdMBGLKRUlr/,DdMBGLKRUlr,,DdMBGLKRUlr,8
a6d2c62e43c3d36c041f8eb7a8fe4443719a89cacfb6cef78da16c5f9a5e3c3f,,,,,Festival de Dança,cultura,2026-09-13,2026-09-13,,,Teatro do CIC,,,,Festival de dança com ingressos pela Blueticket.,0.92,,floripa.cultural,2026-09-12 09:50:32,https://www.instagram.com/p/DdMBGLKRUlr/,DdMBGLKRUlr,,DdMBGLKRUlr,9
feb61e6d642ee55eae3c7e0e297ce70a1ef927e28ea3fb1bff92d3b41f6c3aa5,,,,,Terapia,cultura,2026-09-13,2026-09-13,17:00,19:30,Teatro Pedro Ivo,,,,Peça teatral com Marcelo Serrado.,0.96,,floripa.cultural,2026-09-12 09:50:32,https://www.instagram.com/p/DdMBGLKRUlr/,DdMBGLKRUlr,,DdMBGLKRUlr,10
e6990df6a4e34a9d1bd3a14cf51778388211364bd0a5e53aa211be525d7abe90,,,,,Tímon,cultura,2026-09-13,2026-09-13,19:30,,Teatro Camarim,,,,Espetáculo teatral da Persona Cia de Teatro.,0.96,,floripa.cultural,2026-09-12 09:50:32,https://www.instagram.com/p/DdMBGLKRUlr/,DdMBGLKRUlr,,DdMBGLKRUlr,11
5927246e064dccf93d120ac4586e088af3d778bccebdc7fd2bee92e9e8ef614d,,,,,Sesc Celebra 80 anos,musica,2026-09-13,2026-09-13,13:00,19:30,Ginásio do Sesc Prainha,,,,"Shows do Sesc Celebra 80 anos com Orquestra de choro Mulheril, Patu Fu e Giramundo, e Renato Teixeira.",0.97,,floripa.cultural,2026-09-12 09:50:32,https://www.instagram.com/p/DdMBGLKRUlr/,DdMBGLKRUlr,,DdMBGLKRUlr,12
832957dd0e4685387d9212593392628547ffd20ef37591d4476c5b45c2e8b2d2,,,,,Circuito gastronômico no Restaurante Lindacap,gastronomia,2026-09-11,2026-09-11,,,Restaurante Lindacap,,Coqueiros,,"Publicação destaca o Restaurante Lindacap em ação de circuito gastronômico, com menu de entradas, pratos principais e frutos do mar.",0.97,Evento inferido como visita/experiência gastronômica a partir da legenda e imagens; não há data ou horário específico além da data da publicação.,floripa.cultural,2026-09-11 10:03:49,https://www.instagram.com/p/DdJeYuKkXuK/,DdJeYuKkXuK,imagem 6: UnidentifiedImageError; imagem 7: UnidentifiedImageError; imagem 8: UnidentifiedImageError; imagem 9: UnidentifiedImageError; imagem 10: UnidentifiedImageError,DdJeYuKkXuK,0
2fc5f4926e5e6de0c473a2330287c4fa6490ad4d2356662723112a21b1cf8190,,,,,Roda de Choro Bugio,musica,2026-09-14,2026-09-14,19:30,,Bugio Trindade,,,,"Roda de choro com participações especiais, música ao vivo e contribuição sugerida de R$20.",0.98,"A imagem informa também 'bar às 17h', mas o horário do evento foi explicitamente marcado como início às 19h30; não foi considerado como horário do evento.",bugiotrindade,2026-09-13T22:14:31.000Z,https://www.instagram.com/p/DdPmyPsBM3t/,DdPmyPsBM3t,,DdPmyPsBM3t,0
1e32c282b162fc5ee149c2b16b84eeaa7bbce741f7e1acbee56e523a1e0f3887,,,,,Vozes à Solta — oficina de canto,cultura,2026-09-15,2026-09-15,,,Bugio Lab,,Centro,Florianópolis,"Oficina de canto com exercícios vocais, ritmo corporal, canto em conjunto e expressão vocal.",0.98,Data resolvida a partir da legenda; legenda informa inscrição via link na bio da Bugio.,rodrigomancusi,2026-09-13T21:30:31.000Z,https://www.instagram.com/p/DdPhsRZo3AQ/,DdPhsRZo3AQ,,DdPhsRZo3AQ,0
0dbd14a62cd9b96b97ee5211a1f9b02b393d9efdeb84e37f9fdd85f7f8c2b3d5,,,,,Choro Bugio / Roda de Choro Bugio,musica,2026-09-14,2026-09-14,19:30,,Bugio Trindade,,,,Roda de choro com repertório de choro.,0.99,"Horário inicial extraído da arte; a arte também menciona 17h sem contexto claro, mas o bloco do evento indica início 19h30.",bugiotrindade,2026-09-13T15:39:04.000Z,https://www.instagram.com/p/DdO5voUlfwI/,DdO5voUlfwI,imagem 10: UnidentifiedImageError,DdO5voUlfwI,0
70c2e955afb419ef48efc2d43b392dc8e0ebe85b62c8a12384007a2a0ad380da,,,,,Aberto para bate-papo e encontros + chope em dobro,gastronomia,2026-09-15,2026-09-16,,20:00,Bugio Trindade,,,,Casa aberta para encontros com promoção de chopes e drinks em dobro até as 20h.,0.97,"Post menciona terça e quarta; arte diz 'todas terças, quartas e sábados' com a promoção até as 20h, sem horário de início explícito.",bugiotrindade,2026-09-13T15:39:04.000Z,https://www.instagram.com/p/DdO5voUlfwI/,DdO5voUlfwI,imagem 10: UnidentifiedImageError,DdO5voUlfwI,1
f7615541f027ebb839f2d270c6e370cd9663f83591f426390297d1040e8f1bff,,,,,O canto do Sabiá,musica,2026-09-17,2026-09-17,20:30,,Bugio Trindade,,,,Apresentação de Mixa e Ian Fabris com o projeto O canto do Sabiá.,0.99,A arte mostra 17h e início 20h30; usei o horário explicitamente marcado como início do evento.,bugiotrindade,2026-09-13T15:39:04.000Z,https://www.instagram.com/p/DdO5voUlfwI/,DdO5voUlfwI,imagem 10: UnidentifiedImageError,DdO5voUlfwI,2
310f6189cd6435b3f019af7fbef1aa5140bd0dbadb141f8e7969f875add2514b,,,,,Noite paraense com Banzeiro da Magia,musica,2026-09-18,2026-09-18,20:30,,Bugio Trindade,,,,Show com repertório de ritmos amazônicos e paraenses.,0.99,,bugiotrindade,2026-09-13T15:39:04.000Z,https://www.instagram.com/p/DdO5voUlfwI/,DdO5voUlfwI,imagem 10: UnidentifiedImageError,DdO5voUlfwI,3
6c2c85627cc62f396c4937ad3bd933e2286da2f9de5d5c10ee9d45861f6e023e,,,,,Forró do Mancusi,musica,2026-09-19,2026-09-19,20:30,,Bugio Trindade,,,,Baile com Rodrigo Mancusi e repertório de forró e música nordestina.,0.99,"A arte informa valor sugerido, mas isso não altera os dados de agenda.",bugiotrindade,2026-09-13T15:39:04.000Z,https://www.instagram.com/p/DdO5voUlfwI/,DdO5voUlfwI,imagem 10: UnidentifiedImageError,DdO5voUlfwI,4
d3f2dd0f648dd5b49c09fa3635c6045ec58fb1a2bb57caa6125fbb8e6ebdd3b4,,,,,Set em vinis da Vinilaria,musica,2026-09-13,2026-09-13,16:00,,bar,,,,Bar abre às 16h com set em vinis da Vinilaria.,0.97,,bugiocentro,2026-09-13T15:01:14.000Z,https://www.instagram.com/p/DdO1aiAFHjn/,DdO1aiAFHjn,imagem 3: UnidentifiedImageError; imagem 4: UnidentifiedImageError,DdO1aiAFHjn,0
068173cb02d0010f8b8337dc87d441067b7f039a0c015b2dd9d51ae4b9806fb6,,,,,Encontro de bordado livre,cultura,2026-09-13,2026-09-13,,,bugiolab,,,,Encontro de bordado livre com @linhas_do_desterro.,0.97,,bugiolab,2026-09-13T00:34:12.000Z,https://www.instagram.com/p/DdNRalapD8v/,DdNRalapD8v,,DdNRalapD8v,0
dfd489a1c61db895345c27bd1bedcc2a24c5bf723b45863d18408438db68bc9a,,,,,Encontro de desenho,cultura,2026-09-13,2026-09-13,,,bugiolab,,,,Encontro de desenho com @modelo.vivo.floripa.,0.97,,bugiolab,2026-09-13T00:34:12.000Z,https://www.instagram.com/p/DdNRalapD8v/,DdNRalapD8v,,DdNRalapD8v,1
defea880f9d9eef6d0e374720b684f613def2cd304f4f02a5763618570d8c51c,,,,,Ateliê de cerâmica,cultura,2026-09-13,2026-09-13,,,bugiolab,,,,Ateliê de cerâmica com @corpusceramicas.,0.97,,bugiolab,2026-09-13T00:34:12.000Z,https://www.instagram.com/p/DdNRalapD8v/,DdNRalapD8v,,DdNRalapD8v,2
17d9f2d8b28ce0f9335437d3efb325934fd67e2463713175cdc6a60009f326d0,,,,,Roda Samba Choro,musica,2026-09-13,2026-09-13,,,bugiolab,,,,Roda Samba Choro com trilha sonora no encontro mencionado no post.,0.91,Evento inferido como programação musical concreta mencionada na legenda; não há horário informado.,bugiolab,2026-09-13T00:34:12.000Z,https://www.instagram.com/p/DdNRalapD8v/,DdNRalapD8v,,DdNRalapD8v,3
84292df8065a89b9ca2a22b38098476ab70d80426ea3135d68cfe0cc0d72af3d,,,,,Inscrições para lançamentos no 1° FLIPA - Festival Literário de Floripa,cultura,2026-09-12,2026-09-14,,,,,,,Inscrições abertas para lançamentos no 1° FLIPA - Festival Literário de Floripa.,0.96,Prazo informado na legenda e na imagem: 'até 14 set 26'.,setorialhumanidadesfloripa,2026-09-12T19:26:19.000Z,https://www.instagram.com/p/DdMtdulKvJC/,DdMtdulKvJC,,DdMtdulKvJC,0
c2f96fcc43805bf5c0f086de6906eb06192dd00b7b2ec7057062da9daf053805,,,,,Fórum do Plano Municipal de Cultura 2026-2036,cultura,2026-09-12,,,,,,,,"Participação no Fórum do Plano Municipal de Cultura 2026-2036, com apresentação de apontamentos da Setorial de Humanidades, Leitura e Literatura.",0.98,"A imagem mostra a apresentação do plano e atividade em andamento; a data foi inferida pela data da publicação, pois não há data explícita do evento no post.",setorialhumanidadesfloripa,2026-09-12T17:50:00.000Z,https://www.instagram.com/p/DdMj7uAkQFX/,DdMj7uAkQFX,imagem 3: UnidentifiedImageError; imagem 4: UnidentifiedImageError,DdMj7uAkQFX,0
44a40cc59c0a89ccde28b3a56fce2d7e69ce08a01d8f3a21f8f495a384d8304b,,,,,9º Encontro Nacional e Internacional de Mulheres na roda de samba - Florianópolis,musica,2026-09-26,2026-09-26,15:00,23:30,Bugio Trindade,,,,Encontro de mulheres na roda de samba com cantoras confirmadas em Florianópolis.,0.99,,mulheresnarodadesambafloripa,2026-09-12T16:52:35.000Z,https://www.instagram.com/p/DdMdXJHDsOu/,DdMdXJHDsOu,imagem 5: UnidentifiedImageError; imagem 6: UnidentifiedImageError; imagem 7: UnidentifiedImageError; imagem 8: UnidentifiedImageError,DdMdXJHDsOu,0
d1f046a65c12d9ac4b6903bc2e7e3e7a2048083e671a982968684172587250e6,,,,,Forró da Nati + chope em dobro,musica,2026-09-12,2026-09-12,20:30,,,,,,"Apresentação de forró com Forró da Nati, participação de Gabi Mafra, Lagartixa e Catalina, com chope em dobro.",0.96,Legenda informa 'Sábado | 12 de setembro' e horário do forró às 20h30. Não há nome do local explicitado no texto/imagem.,bugiotrindade,2026-09-12T12:13:43.000Z,https://www.instagram.com/p/DdL9Xxks2Gq/,DdL9Xxks2Gq,,DdL9Xxks2Gq,0
5b35c3f35615307f18e05c339c21f8824803a81d5f8f6f739e8c5714ba1bf40f,,,,,Feijoada servida nas mesas,gastronomia,2026-09-12,2026-09-12,11:30,17:00,Bugio Centro,,,,Feijoada de sábado servida nas mesas.,0.98,,bugiocentro,2026-09-12T12:00:09.000Z,https://www.instagram.com/p/DdL75Z_lWOU/,DdL75Z_lWOU,imagem 8: UnidentifiedImageError; imagem 9: UnidentifiedImageError; imagem 10: UnidentifiedImageError,DdL75Z_lWOU,0
cc643b01df016f68475c7432bddbf5eebc718f9df55d69116d4f6a9ce954972f,,,,,Trio Samba Choro,musica,2026-09-12,2026-09-12,13:30,,Largo da Antonieta,,,,"Apresentação de Trio Samba Choro com Lelê do Bandolim, Gustavo Lopes e Neno Moura.",0.97,"Legenda menciona 14h, mas a imagem do evento indica 13h30.",bugiocentro,2026-09-12T12:00:09.000Z,https://www.instagram.com/p/DdL75Z_lWOU/,DdL75Z_lWOU,imagem 8: UnidentifiedImageError; imagem 9: UnidentifiedImageError; imagem 10: UnidentifiedImageError,DdL75Z_lWOU,1
2f641bc6f21654c3101a924583a5a25a930bd0cc61ab2eb25f04a738bae8dab6,,,,,Encontro Aberto de Bordado Livre,cultura,2026-09-12,2026-09-12,15:00,,Bugio Lab,,,,Encontro aberto de bordado livre com a Coletiva de Bordado Linhas do Desterro.,0.96,,bugiocentro,2026-09-12T12:00:09.000Z,https://www.instagram.com/p/DdL75Z_lWOU/,DdL75Z_lWOU,imagem 8: UnidentifiedImageError; imagem 9: UnidentifiedImageError; imagem 10: UnidentifiedImageError,DdL75Z_lWOU,2
fefaf1d5535b4802ccf6623e179048637e7d90300c7fede96e1e7d5af6401b01,,,,,Samba da Antonieta convida Jú Queiróz e Du Kadência,musica,2026-09-12,2026-09-12,17:00,,Bugio Centro,,,Victor Meirelles,Roda de samba com Jú Queiróz e Du Kadência.,0.98,,bugiocentro,2026-09-12T12:00:09.000Z,https://www.instagram.com/p/DdL75Z_lWOU/,DdL75Z_lWOU,imagem 8: UnidentifiedImageError; imagem 9: UnidentifiedImageError; imagem 10: UnidentifiedImageError,DdL75Z_lWOU,3
f4ccbdfa90a73a9c766e53e780482e7c509300b9eb0168c9257c9b3d707dd30b,,,,,Os Gêmeos do Baile - Especial Michael Jackson,musica,2026-09-12,2026-09-12,23:00,,Bugio Centro,,,,Noite especial em homenagem a Michael Jackson com Os Gêmeos do Baile.,0.99,,bugiocentro,2026-09-12T12:00:09.000Z,https://www.instagram.com/p/DdL75Z_lWOU/,DdL75Z_lWOU,imagem 8: UnidentifiedImageError; imagem 9: UnidentifiedImageError; imagem 10: UnidentifiedImageError,DdL75Z_lWOU,4
4062dfed2f64f26e5f5a3705930198c6b65b0d2be909f16e2cf097ac635abe9e,,,,,1º Festival Literário de Floripa,cultura,2026-09-19,2026-09-19,14:00,22:00,Associação Cultural Baiacu de Alguém,"Rua Padre Lourenço Rodrigues de Andrade, 650",Santo Antônio de Lisboa,,Festival literário com programação alterada para começar às 14h e seguir até às 22h.,0.98,"A legenda informa que a programação será lançada no fim de semana, mas sem data concreta; extraído apenas o evento com data e horário explícitos na arte e legenda.",setorialhumanidadesfloripa,2026-09-11T22:16:20.000Z,https://www.instagram.com/p/DdKdnjwn7vd/,DdKdnjwn7vd,imagem 3: UnidentifiedImageError; imagem 4: UnidentifiedImageError,DdKdnjwn7vd,0
2c159a8fc504b3e364a1606c1fb3575f8630a70bda9441adffd6f9301f60cfa1,,,,,Julia Kluber & Pedro Bienemann,musica,2026-09-11,2026-09-11,20:30,,O Araçá Botequim,"R. Manoel Severino de Oliveira, 19",Lagoa da Conceição,,Show de Julia Kluber & Pedro Bienemann.,0.99,,oaracabotequim,2026-09-11T21:38:45.000Z,https://www.instagram.com/p/DdKZURLFKdC/,DdKZURLFKdC,imagem 6: UnidentifiedImageError; imagem 7: UnidentifiedImageError; imagem 8: UnidentifiedImageError; imagem 9: UnidentifiedImageError; imagem 10: UnidentifiedImageError,DdKZURLFKdC,0
5401e95d6bd70ba6c00c594a1c6e414006b071468e504b738bcc80f85affb7c6,,,,,Feijoada do Araçá + Roda de Choro,gastronomia,2026-09-12,2026-09-12,11:00,15:00,O Araçá Botequim,"R. Manoel Severino de Oliveira, 19",Lagoa da Conceição,,Feijoada com roda de choro.,0.98,,oaracabotequim,2026-09-11T21:38:45.000Z,https://www.instagram.com/p/DdKZURLFKdC/,DdKZURLFKdC,imagem 6: UnidentifiedImageError; imagem 7: UnidentifiedImageError; imagem 8: UnidentifiedImageError; imagem 9: UnidentifiedImageError; imagem 10: UnidentifiedImageError,DdKZURLFKdC,1
8b3603731a14dafa3cc58298c72ef90ca799ee4e122e69f30b586c30f9b58683,,,,,Deo Martins convida Ettore Bacci & Gregor Nite,musica,2026-09-12,2026-09-12,20:00,,O Araçá Botequim,"R. Manoel Severino de Oliveira, 19",Lagoa da Conceição,,Show de Deo Martins convidando Ettore Bacci & Gregor Nite.,0.98,,oaracabotequim,2026-09-11T21:38:45.000Z,https://www.instagram.com/p/DdKZURLFKdC/,DdKZURLFKdC,imagem 6: UnidentifiedImageError; imagem 7: UnidentifiedImageError; imagem 8: UnidentifiedImageError; imagem 9: UnidentifiedImageError; imagem 10: UnidentifiedImageError,DdKZURLFKdC,2
3fa07b350b0ef049bda9233ef19defc612465852b310b273a4123f394971c84a,,,,,Samba do Araçá convida Diz o Tom Calixto,musica,2026-09-13,2026-09-13,19:00,,O Araçá Botequim,"R. Manoel Severino de Oliveira, 19",Lagoa da Conceição,,Samba do Araçá com participação de Diz o Tom Calixto.,0.98,,oaracabotequim,2026-09-11T21:38:45.000Z,https://www.instagram.com/p/DdKZURLFKdC/,DdKZURLFKdC,imagem 6: UnidentifiedImageError; imagem 7: UnidentifiedImageError; imagem 8: UnidentifiedImageError; imagem 9: UnidentifiedImageError; imagem 10: UnidentifiedImageError,DdKZURLFKdC,3
d04efc5c2ba4e8f34f3ae8fbd93595f2aefc2c5c93f65a9cd9a1d3f044634af4,,,,,"Exposição ""Ressonâncias do Gesto""",cultura,2026-09-11,2026-09-17,,,Espaço 3 da Fundação Cultural Badesc,,,,"Mostra da artista visual Lena Peixer, em cartaz com entrada gratuita.",0.96,A publicação informa que a artista passa a dar nome ao Espaço 3 da Fundação.,fundacaoculturalbadesc,2026-09-11T21:00:06.000Z,https://www.instagram.com/p/DdKANqAA8aC/,DdKANqAA8aC,,DdKANqAA8aC,0
2629e194ccf42454deae141ae9548ce1481927541509db874635cbbf4c82708e,,,,,1º Festival Literário de Florianópolis,cultura,2026-09-19,2026-09-19,14:00,20:00,Espaço Cultural do Baiacu de Alguém,"Rua Padre Lourenço Rodrigues de Andrade, 650",Santo Antônio de Lisboa,,"Festival literário com lançamentos de livros, rodas de conversa, bingo literário e sarau poético.",0.99,,baiacudealguem,2026-09-11T19:58:52.000Z,https://www.instagram.com/p/DdKN32FKR6G/,DdKN32FKR6G,,DdKN32FKR6G,0
fd84f650457017961233d64b8e662b5a474f27e7001ca3e4976a4317f8f1a66b,,,,,Show Brisas do Sul,musica,2026-09-19,2026-09-19,20:00,,Espaço Cultural do Baiacu de Alguém,"Rua Padre Lourenço Rodrigues de Andrade, 650",Santo Antônio de Lisboa,,"Show musical com repertório voltado às raízes culturais, tradições e paisagens do sul do Brasil.",0.98,,baiacudealguem,2026-09-11T19:58:52.000Z,https://www.instagram.com/p/DdKN32FKR6G/,DdKN32FKR6G,,DdKN32FKR6G,1
059a1897b4106f85423730cf433638c692d20570b00226666ff766ade7c589c5,,,,,"Lançamento do livro ""Escandalizar Desertos"", de Andreia Dacoregio",cultura,2026-09-18,,18:00,,Fundação Cultural Badesc,"Rua Visconde de Ouro Preto, 216",,,"Lançamento do terceiro livro de poesia de Andreia Dacoregio, com entrada gratuita.",0.98,,fundacaoculturalbadesc,2026-09-11T16:21:20.000Z,https://www.instagram.com/p/DdJ0fT7OJfP/,DdJ0fT7OJfP,,DdJ0fT7OJfP,0
51e9997ced31c1ab822832fcceca0ff23f498efe4b3dcb6f459826a58f7b6966,,,,,SHAKE - FABIANI + STTAR,musica,2026-09-11,,22:30,,Bugio Centro,,,,Festa com os DJs Fabiani e Sttar. Gratuito para clientes.,0.98,,bugiocentro,2026-09-11T15:00:24.000Z,https://www.instagram.com/p/DdJrutyFAMr/,DdJrutyFAMr,imagem 9: UnidentifiedImageError; imagem 10: UnidentifiedImageError,DdJrutyFAMr,0
6598c7a19fd26cea8ac1069072d3a18bc7996601e75ca536d36d18ab44827b91,,,,,Trio Samba Choro,musica,2026-09-12,,14:00,,Largo da Antonieta,,,,"Roda de samba/choro com Lelê do Bandolim, Gustavo Lopes e Neno Moura.",0.97,Evento colaborativo.,bugiocentro,2026-09-11T15:00:24.000Z,https://www.instagram.com/p/DdJrutyFAMr/,DdJrutyFAMr,imagem 9: UnidentifiedImageError; imagem 10: UnidentifiedImageError,DdJrutyFAMr,1
453b44a98efeeedba0df88f348e8ea83d8c4c25fca9f3d5a00199511833f255c,,,,,Samba da Antonieta convida Jú Queiróz e Du Kadência,musica,2026-09-12,,17:00,,Bugio Centro,,,Victor Meirelles,Roda de samba com convidados Jú Queiróz e Du Kadência.,0.98,Legenda informa início às 17h; imagem confirma início às 17h e valor sugerido de R$ 20.,bugiocentro,2026-09-11T15:00:24.000Z,https://www.instagram.com/p/DdJrutyFAMr/,DdJrutyFAMr,imagem 9: UnidentifiedImageError; imagem 10: UnidentifiedImageError,DdJrutyFAMr,2
d286297622d376eb9e8cadf99135307d4cb796d3700e8f337208b3821821362b,,,,,Os Gêmeos do Baile - Especial Michael Jackson,musica,2026-09-12,,23:00,,Bugio Centro,,,,Noite em homenagem a Michael Jackson com Os Gêmeos do Baile.,0.98,Legenda menciona ingressos antecipados no link da bio.,bugiocentro,2026-09-11T15:00:24.000Z,https://www.instagram.com/p/DdJrutyFAMr/,DdJrutyFAMr,imagem 9: UnidentifiedImageError; imagem 10: UnidentifiedImageError,DdJrutyFAMr,3
ad253ef1f1544d7e6780252d18c0100abf36c5986a5f5b342ba132387404e4ce,,,,,Vinilaria Bugio,musica,2026-09-13,,17:00,,Largo da Antonieta,,,,Discotecagem em vinil no Largo da Antonieta.,0.97,Terceira edição do projeto.,bugiocentro,2026-09-11T15:00:24.000Z,https://www.instagram.com/p/DdJrutyFAMr/,DdJrutyFAMr,imagem 9: UnidentifiedImageError; imagem 10: UnidentifiedImageError,DdJrutyFAMr,4
8d52a40e253c34c77289c6a6068039d58fc46e6bfa5157abe66c8f16838ed474,,,,,Caça-brindes com QR codes espalhados pelos arredores da UFSC,feira,2026-09-11,2026-09-18,,,UFSC,,,arredores do campus,Jogo de caça-brindes com QR codes espalhados pelo campus para resgate de prêmios.,0.94,Prazo máximo de retirada do brinde informado como 1 semana após a caça; data final calculada a partir da publicação.,bugiotrindade,2026-09-11T11:34:24.000Z,https://www.instagram.com/p/DdJUJtrFuS_/,DdJUJtrFuS_,imagem 5: UnidentifiedImageError; imagem 6: UnidentifiedImageError; imagem 7: UnidentifiedImageError; imagem 8: UnidentifiedImageError,DdJUJtrFuS_,0
040cade068ac2099fe0fbc43b387e8a119fc2575f5866ca276030a2d2cbbc8b9,,,,,Especial Michael Jackson com Os Gêmeos do Baile,musica,2026-09-12,,22:00,,Bugio Centro,,,,Apresentação especial de Michael Jackson com Os Gêmeos do Baile no Bugio Centro.,0.97,,bugiocentro,2026-09-11T00:10:17.000Z,https://www.instagram.com/p/DdIFkynobw_/,DdIFkynobw_,,DdIFkynobw_,0
6a391ff7cdd859c9ba70ff48dc1c933382974a0b8e4301e2f86ad8edca6d5d9c,,,,,SHAKE com DJs Fabiani e Sttar,musica,2026-09-11,,22:30,,Bugio Centro,,,,"Festa pop com DJs Fabiani e Sttar, com entrada gratuita para clientes.",0.99,Data inferida do cartaz (11.09) em relação à data da publicação (2026-09-10).,bugiocentro,2026-09-10T20:23:21.000Z,https://www.instagram.com/p/DdHr2TwyHAv/,DdHr2TwyHAv,,DdHr2TwyHAv,0
6fbb162280daa2e0febca594dec819714be2d84819c009e7f1b64661a74e74e4,,,,,Vinilaria Bugio,musica,2026-09-13,2026-09-13,17:00,,Largo da Antonieta,,,,Encontro dedicado ao vinil com seleção musical e abertura por Calvin Trezzi.,0.95,Data e horário extraídos da imagem; legenda confirma o nome do evento e o formato musical.,bugiocentro,2026-09-10T14:37:47.000Z,https://www.instagram.com/p/DdHEV0SMInB/,DdHEV0SMInB,,DdHEV0SMInB,0
5ddc3cbe38a6c740e14a2f12e84655bc3eac807190e9faf9eafe6e3b2872a99d,,,,,Programação de cinema no Cinesystem do Villa Romana Shopping,cultura,2026-09-10,2026-09-16,,,Cinesystem,,,Villa Romana Shopping,"Programação de filmes de 10 a 16 de setembro no Cinesystem, com promoção de matinês e demais horários.",0.97,"Evento de programação contínua; inclui estreias destacadas e filmes em cartaz, sem horários específicos informados.",floripa.cultural,2026-09-10T14:05:06.000Z,https://www.instagram.com/p/DdHAmy0kd7j/,DdHAmy0kd7j,,DdHAmy0kd7j,0
c53022a832237fe83e12aeb611a701ed0e5ef4ec7af009160c217aef314f69d9,,,,,Forró da Nati,musica,2026-09-12,2026-09-12,20:30,,Bugiô Trindade,,,,"Apresentação de forró com Nati e convidados, com contribuição sugerida de R$ 20.",0.98,"No post também consta 'Bar abre às 18h', mas isso não foi usado como horário do evento principal.",bugiotrindade,2026-09-10T14:01:17.000Z,https://www.instagram.com/p/DdHAJ2PSYUL/,DdHAJ2PSYUL,,DdHAJ2PSYUL,0
b540f51e4eeef7ca0a23580bb2699bce8ed561a41dc29da7a3ad4594057dd440,,,,,Votação para escolher a sigla do 1º Festival Literário de Florianópolis/Floripa,cultura,2026-09-10,2026-09-10,,22:00,,,,,Votação para definir a sigla do 1º Festival Literário de Florianópolis ou Floripa.,0.96,A publicação informa que a votação é válida até 22h de 10/09.,setorialhumanidadesfloripa,2026-09-10T01:02:17.000Z,https://www.instagram.com/p/DdFm5_dspO9/,DdFm5_dspO9,,DdFm5_dspO9,0
c0a82184321d6d5ee67bb84e8524e55a088e763a33ed173e901cbe6c2b35f4c3,,,,,Roda de Milonga com Ana Negrello e Marisa Saenz,musica,2026-09-10,,20:00,,Bugio Trindade,,,,Noite de roda de milonga com apresentações de cantoras convidadas e time da noite.,0.98,"Contribuição sugerida de R$ 30. Bar abre às 17h, mas o horário do evento informado é 20h.",rafaelpuerta__,2026-09-09T23:44:37.000Z,https://www.instagram.com/p/DdFcBxsRqRO/,DdFcBxsRqRO,,DdFcBxsRqRO,0
0d2ae3d557dfccba35319b8a3ab8ca9269505c5eb9d82c61c9268c3b68713036,,,,,Show de Julia Klüber & Pedro Bienemann,musica,2026-09-11,2026-09-11,,,O Araca Botequim,,,,"Apresentação musical de Julia Klüber e Pedro Bienemann em Florianópolis, com repertório autoral e intervenções mútuas no show.",0.98,"Data resolvida a partir da legenda e da imagem, que informam 'dia 11 de setembro'; publicação em 2026-09-09.",desviaprodutora,2026-09-09T22:39:44.000Z,https://www.instagram.com/p/DdFWtJ4mWw5/,DdFWtJ4mWw5,imagem 7: UnidentifiedImageError; imagem 8: UnidentifiedImageError; imagem 9: UnidentifiedImageError; imagem 10: UnidentifiedImageError,DdFWtJ4mWw5,0
446ffe1379d6ca7ce0670980dc46467f6ccebd2503d971f527b4b6f1f9acc4d9,,,,,Oficina de Mini Livro dos Mundos Extraordinários,cultura,2026-09-12,2026-09-12,13:30,,Fundação Cultural Badesc,,,,"Oficina gratuita ministrada por Pati Peccin, com 20 vagas por ordem de chegada e material fornecido pela Fundação.",0.98,"A legenda informa que o projeto Sábado Cultural amplia o horário de visitação até 2026-11-14, mas isso é uma अवधि contínua e não foi tratado como evento concreto.",fundacaoculturalbadesc,2026-09-09T21:00:18.000Z,https://www.instagram.com/p/DdFLZ90BFdf/,DdFLZ90BFdf,,DdFLZ90BFdf,0
1031fdcf45a82fc60864c4bc0705687c3c788fac7b6905c25da60bac635f0a25,,,,,"Visitação às mostras ""O Cordão e o Pedúnculo"", ""outros tipos de palavras"", ""O Jardim também sonha"" e ""Ressonâncias do Gesto""",cultura,2026-09-12,2026-09-12,10:00,16:00,Fundação Cultural Badesc,,,,Visitação às quatro mostras no mesmo dia da oficina.,0.97,,fundacaoculturalbadesc,2026-09-09T21:00:18.000Z,https://www.instagram.com/p/DdFLZ90BFdf/,DdFLZ90BFdf,,DdFLZ90BFdf,1
340b7c7727a723cbc94453d666c29954cbbb8a30b98721e189ec43a68403e2ad,,,,,Samba do Largo com Verônica Kimura,musica,2026-09-13,2026-09-13,13:00,16:30,Largo da Antonieta,,,,Roda de samba com participação de Verônica Kimura.,0.98,"A imagem informa a data 13/09 e o horário das 13h às 16h30; a legenda confirma ser um domingo e cita feijoada no bar a partir de 11h30, mas esse horário não foi incluído por não ser o horário do evento principal.",bugiocentro,2026-09-09T20:28:24.000Z,https://www.instagram.com/p/DdFHq3Dgc26/,DdFHq3Dgc26,,DdFHq3Dgc26,0
6182ae48bd850b185252fc4a1224db69b63d88b0a4708662dedd97e88997ab44,,,,,Geosamba,musica,2026-09-11,,20:30,,Bugio Trindade,,,,Apresentação de samba ao vivo com contribuição sugerida de R$ 20.,0.98,"Legenda menciona bar abrindo às 17h, mas esse horário não foi usado como início do evento. Informações de acessibilidade foram citadas no post.",bugiotrindade,2026-09-09T20:17:17.000Z,https://www.instagram.com/p/DdFGZW6zxav/,DdFGZW6zxav,,DdFGZW6zxav,0
fa2bef0a46584e53829a7162b0da8f0aef797290d33af513f7397f51b3159883,,,,,"Oficina ""Introdução à Aquarela"" (segunda turma)",cultura,2026-09-22,2026-09-24,14:00,17:00,Fundação Cultural Badesc,"Rua Visconde de Ouro Preto, 216",,,"Oficina de introdução à aquarela ministrada por Gabriela Luft, em dois encontros.",0.98,Legenda informa que as vagas estão esgotadas.,fundacaoculturalbadesc,2026-09-09T16:09:21.000Z,https://www.instagram.com/p/DdEqB8jjul_/,DdEqB8jjul_,imagem 4: UnidentifiedImageError; imagem 5: UnidentifiedImageError; imagem 6: UnidentifiedImageError,DdEqB8jjul_,0
897700f2901f64358b4788fa6c3b2c7b0bf074369526d9edb63d118cafe02a42,,,,,Samba da Antonieta com Dú Kadência e Jú Queiróz,musica,2026-09-12,,17:00,,Largo da Antonieta,,,,Roda de samba com convidados Dú Kadência e Jú Queiróz.,0.98,"Legenda informa abertura do bar com feijoada às 11h30, mas isso não foi tratado como evento concreto separado.",bugiocentro,2026-09-09T14:58:07.000Z,https://www.instagram.com/p/DdEh34eM-wJ/,DdEh34eM-wJ,,DdEh34eM-wJ,0
1af7d297593bfcb4d4c658e8d5e6f5b2b210ae6a9507ddfc99cf9d0593571c18,,,,,SHAKE com DJs Fabiani e Sttar,musica,2026-09-11,,22:30,,Bugio Centro,,,,"Festa pop com DJs Fabiani e Sttar, com repertório de clássicos da cultura pop.",0.97,"Data inferida da imagem: 11.09, correspondente a 2026-09-11.",bugiocentro,2026-09-09T00:00:53.000Z,https://www.instagram.com/p/DdC6s7GBhTK/,DdC6s7GBhTK,,DdC6s7GBhTK,0
2847ef1a6d00a79e5b80bba95d4572d991867b21c0c3808005360d5985ba35a3,,,,,Thiago Di Luca apresenta: Forró de Manezinho para crianças,musica,2026-09-27,2026-09-27,15:00,,Bugio Trindade,"Servidão Cristiano Vanderlei Faria, 25",Trindade,,Show musical infantil interativo com Thiago Di Luca e banda.,0.99,"Data resolvida a partir da data da publicação e da legenda/arte. A legenda informa abertura da casa às 15h e o show às 16h, mas na arte consta 'a partir das 15h'; para horário do evento foi usado 15:00 como início explicitamente informado. Não há horário de término.",bugiotrindade,2026-09-08T23:38:18.000Z,https://www.instagram.com/p/DdC4KCNMhcF/,DdC4KCNMhcF,,DdC4KCNMhcF,0
09f560711263324d7b086a7d6a78675b3922a735c08a80e30d4a4f743c8aa1e0,,,,,Forró de Base Delas,musica,2026-09-08,2026-09-08,20:00,21:00,Bugio Centro,,,salão,Aula de dança com a professora Baby seguida de baile com DJ Tágua.,0.98,,bugiocentro,2026-09-08T20:59:55.000Z,https://www.instagram.com/p/DdCmfO4FBke/,DdCmfO4FBke,,DdCmfO4FBke,0
c39f5ef83af7af4ebfe2d7ed3605e6922848bf450effa1a9adc2d5162df6d9ae,,,,,La Pompette,musica,2026-09-09,2026-09-09,19:00,,Bugio Centro,,,Largo da Antonieta,Apresentação de jazz manouche no Largo da Antonieta.,0.93,Evento colaborativo.,bugiocentro,2026-09-08T20:59:55.000Z,https://www.instagram.com/p/DdCmfO4FBke/,DdCmfO4FBke,,DdCmfO4FBke,1
3a83920e62d47727c3a12244847586915b5039ef741d3b43696732192c128f39,,,,,Bar aberto,gastronomia,2026-09-10,2026-09-10,18:00,,Bugio Centro,,,,"Bar aberto com chopes, drinks, sandubas e porções.",0.86,,bugiocentro,2026-09-08T20:59:55.000Z,https://www.instagram.com/p/DdCmfO4FBke/,DdCmfO4FBke,,DdCmfO4FBke,2
d75b3209c60a09a8cf7b2d7910feaa8bc78a7eda87ce1b402935e19d1e8772fe,,,,,SHAKE - Fabiani + Sttar,musica,2026-09-11,2026-09-11,22:30,,Bugio Centro,,,,Festa com os DJs Fabiani e Sttar.,0.98,Gratuito para clientes.,bugiocentro,2026-09-08T20:59:55.000Z,https://www.instagram.com/p/DdCmfO4FBke/,DdCmfO4FBke,,DdCmfO4FBke,3
d22e233fb20d712706a830fb8082fd9ba85982171796ace6daee86cc13a23047,,,,,Choro Mulheril,musica,2026-09-12,2026-09-12,14:00,,Bugio Centro,,,rua Victor Meirelles,Roda de choro com mulheres.,0.98,Evento colaborativo.,bugiocentro,2026-09-08T20:59:55.000Z,https://www.instagram.com/p/DdCmfO4FBke/,DdCmfO4FBke,,DdCmfO4FBke,4
9eaa6bee58cfbe4a808912ef470cee161716da93636a5a05ae6609a5d23b7873,,,,,Samba da Antonieta convida Jú Queiróz e Du Kadência,musica,2026-09-12,2026-09-12,17:30,,Bugio Centro,,,rua Victor Meirelles,Roda de samba com convidados.,0.98,Evento colaborativo.,bugiocentro,2026-09-08T20:59:55.000Z,https://www.instagram.com/p/DdCmfO4FBke/,DdCmfO4FBke,,DdCmfO4FBke,5
df2d4fbd5d774a995478f54fa7d952f3eb7dcd5b141609e15df5e88dc924a905,,,,,Os Gêmeos do Baile,musica,2026-09-12,2026-09-12,23:00,,Bugio Centro,,,,Festa com Os Gêmeos do Baile.,0.98,,bugiocentro,2026-09-08T20:59:55.000Z,https://www.instagram.com/p/DdCmfO4FBke/,DdCmfO4FBke,,DdCmfO4FBke,6
f03e78c65bab3647bfbcbb3343f632d93c0d65a6fe565cc9ab17ca8b00618fec,,,,,Abertura do bar,gastronomia,2026-09-13,2026-09-13,09:30,,Bugio Centro,,,,Abertura do bar com programação especial de domingo.,0.78,,bugiocentro,2026-09-08T20:59:55.000Z,https://www.instagram.com/p/DdCmfO4FBke/,DdCmfO4FBke,,DdCmfO4FBke,7
1d089c427cba5a7f1f71290c00346a29e964d6a1bc7bc6589869f5769229fe1d,,,,,"Roda de milonga com Rafa Puerta e convidados, com participação de Marisa Saénz e Ana Negrello",musica,2026-09-10,2026-09-10,20:30,,Trindade,,,,"Roda de milonga com Rafa Puerta e um grupo de milongueiros, com participações de Marisa Saénz e Ana Negrello.",0.98,"Legenda menciona bar abrindo às 17h, mas o horário do evento informado na imagem é 20h30; foi usado apenas o horário de início do evento.",bugiotrindade,2026-09-08T20:32:25.000Z,https://www.instagram.com/p/DdCjHQZObMM/,DdCjHQZObMM,,DdCjHQZObMM,0
6433b084308180f2197c3e168aea46f511e4704d62050f2abe912d82acb22a20,,,,,Antropomórfico: Cavernas de Sentimentos Omitidos,cultura,2026-09-08,2026-10-03,18:00,00:00,Galeria Lama,,,,Exposição de Saturno Talavera com abertura em 8 de setembro.,0.98,"A visitação foi informada até 3 de outubro, de terça a sábado, das 18h às 00h.",floripa.cultural,2026-09-08T18:10:26.000Z,https://www.instagram.com/p/DdCTF1ZEbNJ/,DdCTF1ZEbNJ,,DdCTF1ZEbNJ,0
05d1cfc40ff1e5c5db117e7076fb65e5bcb9e1edebf9270defccf24b9f89a556,,,,,Museu das ilusões,cultura,,2026-10-31,,,Floripa Shopping - Piso L3,,,,Evento prorrogado até outubro no Floripa Shopping.,0.87,A imagem não informa data exata de encerramento; foi extraído apenas que segue até outubro.,floripa.cultural,2026-09-08T18:10:26.000Z,https://www.instagram.com/p/DdCTF1ZEbNJ/,DdCTF1ZEbNJ,,DdCTF1ZEbNJ,1
8bca2c2c7e3e140d15b6410365d907567223eaa049157229c6d90c588c9f2024,,,,,Desdobramentos da Transmutação,cultura,2026-09-10,2026-09-24,19:00,19:00,Galeria de Arte Ernesto Meyer Filho – Palácio Barriga-Verde,,,,Exposição de Larissa Arpana com abertura em 10 de setembro.,0.99,O horário de fim não foi explicitamente informado para a abertura; o 19h informado na imagem refere-se à abertura.,floripa.cultural,2026-09-08T18:10:26.000Z,https://www.instagram.com/p/DdCTF1ZEbNJ/,DdCTF1ZEbNJ,,DdCTF1ZEbNJ,2
e4f08bce938024a14597f92583d4ccd6c1a8c17d2fb572d1a1e1df429ba0fb0a,,,,,Festival de Circo de Florianópolis,cultura,2026-09-11,2026-09-13,,,"Floripa Shopping, vão central",,,,Festival de circo com programação de 11 a 13 de setembro.,0.98,,floripa.cultural,2026-09-08T18:10:26.000Z,https://www.instagram.com/p/DdCTF1ZEbNJ/,DdCTF1ZEbNJ,,DdCTF1ZEbNJ,3
6d8284f8d3a4480f23e16c508b55e1798b3e7e3b3edd4da50a76f279ca2c2564,,,,,César Menotti & Fabiano,musica,2026-09-11,2026-09-11,20:30,,Arena Opus,,,,Show da dupla César Menotti & Fabiano.,0.99,,floripa.cultural,2026-09-08T18:10:26.000Z,https://www.instagram.com/p/DdCTF1ZEbNJ/,DdCTF1ZEbNJ,,DdCTF1ZEbNJ,4
643f5d80527ad4d4d04fa03e1bad16bf198a3e407b19c4b8e5d0a0061f573470,,,,,Festival Santa Catarina Dança,cultura,2026-09-11,2026-09-13,,,Teatro do CIC,,,,Festival de dança realizado de 11 a 13 de setembro.,0.98,,floripa.cultural,2026-09-08T18:10:26.000Z,https://www.instagram.com/p/DdCTF1ZEbNJ/,DdCTF1ZEbNJ,,DdCTF1ZEbNJ,5
abd042dd435b67095ddd488fb74a06e4881f98b64f1176ef06b5a554d6c746b0,,,,,Cineclube da Mostra de Cinema Infantil,cultura,2026-09-12,2026-09-12,16:00,,Cinema do CIC,,,,Sessão de curtas brasileiros de temática indígena.,0.99,,floripa.cultural,2026-09-08T18:10:26.000Z,https://www.instagram.com/p/DdCTF1ZEbNJ/,DdCTF1ZEbNJ,,DdCTF1ZEbNJ,6
15b77ab6085c806c516ca9738b37e4d29198575b5e720b436c62a5d14cd42bee,,,,,Terapia,cultura,2026-09-12,2026-09-13,20:30,,Teatro Pedro Ivo,,,,"Espetáculo com Marcelo Serrado, com sessão extra no domingo.",0.98,A imagem informa 12 de setembro às 20h30 e 13 de setembro com sessão extra às 17h e outra às 19h30; apenas o primeiro horário explícito foi mantido no campo de início.,floripa.cultural,2026-09-08T18:10:26.000Z,https://www.instagram.com/p/DdCTF1ZEbNJ/,DdCTF1ZEbNJ,,DdCTF1ZEbNJ,7
45cf23358f3887baa1f975ffc00d253fa5c812ec37d7d3ca32b61cd8896c5e6c,,,,,Marisco Social – Festa Solidária,gastronomia,2026-09-13,2026-09-13,12:00,20:00,Centro de Eventos Oceania,,Ingleses,,Festa solidária Marisco Social.,0.98,,floripa.cultural,2026-09-08T18:10:26.000Z,https://www.instagram.com/p/DdCTF1ZEbNJ/,DdCTF1ZEbNJ,,DdCTF1ZEbNJ,8
4826e93245c02525172fb57157513559d17b7ce1fd7b65bba22cbc62fcbee993,,,,,Feirinha de Talentos da Bugio + chope em dobro,feira,2026-09-09,2026-09-09,17:00,20:00,Bugio Trindade,,,,"Feirinha com exposições e artigos à venda, com promoção de chope em dobro.",0.98,A publicação também menciona bar aberto às 17h e feirinha às 20h; o horário explicitamente associado à promoção de chope em dobro é 17h às 20h.,bugiotrindade,2026-09-08T15:38:08.000Z,https://www.instagram.com/p/DdCBqZ_FbPg/,DdCBqZ_FbPg,imagem 8: UnidentifiedImageError; imagem 9: UnidentifiedImageError; imagem 10: UnidentifiedImageError,DdCBqZ_FbPg,0
5db8f80bd229003ffd19c2bcd04a33960926463d5da4951fb48710e4009e2115,,,,,Ensaio-show do quarteto La Pompette,musica,2026-09-09,2026-09-09,19:00,21:30,Rua Victor Meirelles,,,Largo da Antonieta,Ensaio-show de jazz manouche instrumental com o quarteto La Pompette.,0.97,"Legenda menciona também 19h às 22h, mas a imagem informa 19h às 21h30; usei o horário explicitamente mostrado na imagem.",bugiocentro,2026-09-08T14:34:15.000Z,https://www.instagram.com/p/DdB6WOFMvbT/,DdB6WOFMvbT,,DdB6WOFMvbT,0
d481a3d5526affc2e91d18cc5c65829b69eb6ac21a5361623fc1dcc7a1442903,,,,,Forró de Base Delas,musica,2026-09-08,2026-09-08,19:30,23:30,Largo da Antonieta,,,,"Recepção, aula de forró do zero com Prof Baby e baile de prática com DJ Tágua.",0.98,Horário de recepção informado na legenda; aula às 20h e baile das 20h50 às 23h30. Evento marcado como terça-feira na arte; data resolvida a partir da data de publicação.,bugiocentro,2026-09-08T00:24:39.000Z,https://www.instagram.com/p/DdAZBn_uO1g/,DdAZBn_uO1g,,DdAZBn_uO1g,0
67adb39a507b4995848254455f10b90bb774fbc50922febe10c33f95e42af10e,,,,,Os Gêmeos do Baile – Especial Michael Jackson,musica,2026-09-12,,22:00,,Bugio Centro,,,,"Noite especial de Black Music com hits de Michael Jackson, Hip-Hop e R&B.",0.99,"Legenda menciona horário 23:00 até 4:00 hrs, mas a imagem informa 12 SET | 22H; mantido apenas o horário explicitamente destacado na arte como início, sem inferir o fim.",osgemeosdobaile,2026-09-07T21:23:52.000Z,https://www.instagram.com/p/DdAEWWhBbPj/,DdAEWWhBbPj,,DdAEWWhBbPj,0
17d88071acda6006599842bef5f250ee4032af8d06af11de8958321a7f929f8a,,,,,Choro da Independência,musica,2026-09-07,2026-09-07,19:30,,Búgio Trindade,,,,Roda de choro especial do feriado.,0.98,,bugiotrindade,2026-09-07T15:02:01.000Z,https://www.instagram.com/p/Dc_Yu-clW-1/,Dc_Yu-clW-1,imagem 10: UnidentifiedImageError,Dc_Yu-clW-1,0
12883dc5465ca7b9e7196fb3740c2d4d1eac0d5fccc2f97c858232f9d4ae1faa,,,,,Feira de Talentos,feira,2026-09-09,2026-09-09,19:00,,Búgio Trindade,,,,"Feirinha com exposições e artigos à venda, com chope em dobro até as 20h.",0.97,,bugiotrindade,2026-09-07T15:02:01.000Z,https://www.instagram.com/p/Dc_Yu-clW-1/,Dc_Yu-clW-1,imagem 10: UnidentifiedImageError,Dc_Yu-clW-1,1
86a0a276dad5b65ec1ea71dd5b4f0d1b75b864c909a254c3d221764e05d0098d,,,,,Roda de Milonga com Marisa Saénz e Ana Negrello,musica,2026-09-10,2026-09-10,20:30,,Búgio Trindade,,,,Roda de milonga com participações de Marisa Saénz e Ana Negrello.,0.99,,bugiotrindade,2026-09-07T15:02:01.000Z,https://www.instagram.com/p/Dc_Yu-clW-1/,Dc_Yu-clW-1,imagem 10: UnidentifiedImageError,Dc_Yu-clW-1,2
d2b92b2001193ad11e06021f1026ebeace239077d30d01bfc6c69338f150b3ba,,,,,GeoSamba,musica,2026-09-11,2026-09-11,20:30,,Búgio Trindade,,,,Noite de samba com o grupo GeoSamba.,0.98,,bugiotrindade,2026-09-07T15:02:01.000Z,https://www.instagram.com/p/Dc_Yu-clW-1/,Dc_Yu-clW-1,imagem 10: UnidentifiedImageError,Dc_Yu-clW-1,3
a47279d25c295ed2ff7ecffabf3bc3f82f1f8ec498b61bc3063062c7aa340195,,,,,Forró da Nati,musica,2026-09-12,2026-09-12,20:30,,Búgio Trindade,,,,"Show de forró com repertório de xote, baião e músicas autorais.",0.98,,bugiotrindade,2026-09-07T15:02:01.000Z,https://www.instagram.com/p/Dc_Yu-clW-1/,Dc_Yu-clW-1,imagem 10: UnidentifiedImageError,Dc_Yu-clW-1,4
e057c5bbbfab136d7e4dabe2c6418357d0c6437f6aa692c27298a3237fdfcedf,,,,,Samba da Democracia com Quarteto Marimbondo e Bárbara Damásio,musica,2026-09-07,2026-09-07,17:00,22:00,Largo da Antonieta,,,,Apresentação de samba com Quarteto Marimbondo recebendo Bárbara Damásio.,0.98,,bugiocentro,2026-09-07T13:58:33.000Z,https://www.instagram.com/p/Dc_Rd3dz6YC/,Dc_Rd3dz6YC,,Dc_Rd3dz6YC,0
b585910bac1bcf8ffd2e78c642eaa620071219adc805575f4b98e9a87d65a9cd,,,,,Feira de Publicações Coletivo Elza,feira,2026-09-19,2026-09-19,11:00,19:00,Espaço Cultural Baiacu de Alguém,"Rua Padre Lourenço Rodrigues De Andrade, 650",Santo Antônio de Lisboa,,Feira de publicações dentro da programação do 1º Festival Literário de Florianópolis.,0.98,"As inscrições para सहभाग participação ficam abertas até 2026-09-10 23:59, mas não configuram evento.",setorialhumanidadesfloripa,2026-09-06T21:27:03.000Z,https://www.instagram.com/p/Dc9ejjWKfE2/,Dc9ejjWKfE2,,Dc9ejjWKfE2,0
06e5b731d843e36a00125f3a438643b7f48d5e45d98d314ca8ac61e5a19207f2,,,,,Oficina Vozes a Solta com Rodrigo Mancusi,musica,2026-09-15,2026-09-15,19:00,21:30,Bugio Lab,"R. Victor Meirelles, 112, 2º andar",,,"Aulão de canto coletivo com brincadeiras vocais e performances corporais, focado em expressividade vocal, percepção musical e ritmo.",0.98,Data resolvida a partir da legenda e da imagem; publicação em 2026-09-06 indica evento em 2026-09-15.,bugiolab,2026-09-06T21:17:31.000Z,https://www.instagram.com/p/Dc9e6U1GS0l/,Dc9e6U1GS0l,imagem 4: UnidentifiedImageError; imagem 5: UnidentifiedImageError; imagem 6: UnidentifiedImageError,Dc9e6U1GS0l,0
197e31859228e6ad554852bd7d922c6b10893fa74918bba3c0e1ecd772b60748,,,,,Baile Black com DJ Monra,musica,2026-09-06,2026-09-06,,,Bugiocentro,,,,"Baile Black com DJ Monra, gratuito para clientes.",0.98,"A expressão 'madrugada a dentro' indica continuidade durante a madrugada, mas não informa horário explícito.",bugiocentro,2026-09-06T03:01:40.000Z,https://www.instagram.com/p/Dc7hN0iTo2L/,Dc7hN0iTo2L,,Dc7hN0iTo2L,0
148ffa01cce0eca48e2991984683a75eb773f5beb83bae4ef779ebf491514bb0,,,,,1° Festival Literário de Florianópolis,cultura,,,,,,,,,Vídeo com novidades sobre a realização coletiva e independente do 1° Festival Literário de Florianópolis.,0.92,"A publicação não informa data, horário ou local do festival.",setorialhumanidadesfloripa,2026-09-06T02:01:33.000Z,https://www.instagram.com/p/Dc7agsYMaDN/,Dc7agsYMaDN,,Dc7agsYMaDN,0
dcbc269d0ec32b667229b48e59a2635d64fcb9235f4ec31c5f304150af90dfd9,,,,,"Oficina “Imagens que criam mundos: narrativas da paisagem, do amor e das ausências na história da arte”",cultura,2026-09-05,2026-09-05,,,Fundação Cultural Badesc,,,,"Oficina ministrada por Marlen De Martino sobre representações da natureza, cenas de amor, violência e sofrimento na história da arte.",0.93,Data inferida pela data de publicação; não há horário explícito.,fundacaoculturalbadesc,2026-09-05T18:07:21.000Z,https://www.instagram.com/p/Dc6kPRQg048/,Dc6kPRQg048,,Dc6kPRQg048,0
0bd3331154ba2b973319a2a56da5136f13461bc49d42ff35dfe00b81a64f84fe,,,,,Roda de Choro Bugio,musica,2026-09-07,2026-09-07,19:30,,Bugio Trindade,,,,"Roda de choro com repertório de grandes nomes do gênero, com bar a partir das 17h e contribuição sugerida de R$20.",0.98,"A imagem informa a data 07/09 e os horários BAR 17h e INÍCIO 19h30; a legenda diz que acontece toda segunda-feira, mas foi extraído apenas o evento concreto da data indicada no post.",bugiotrindade,2026-09-05T15:29:12.000Z,https://www.instagram.com/p/Dc6SB1tOTDZ/,Dc6SB1tOTDZ,,Dc6SB1tOTDZ,0
21a5d97a21e03739469c9ffa222ab2f9d310e925cfc5d64ed3ebff3a8f1e0551,,,,,Choro Mulheril,musica,2026-09-05,2026-09-05,14:00,,Bugio Centro,,,Rua Victor Meirelles,Roda de choro feminina aos sábados.,0.98,Evento colaborativo.,bugiocentro,2026-09-05T14:33:35.000Z,https://www.instagram.com/p/Dc6L5CwlCFk/,Dc6L5CwlCFk,imagem 5: UnidentifiedImageError; imagem 6: UnidentifiedImageError; imagem 7: UnidentifiedImageError; imagem 8: UnidentifiedImageError,Dc6L5CwlCFk,0
ccd4ee0831a5d4d53ca6abe3137fe94f7c16a6b726baee399ffc0ac7313d0a2b,,,,,Samba da Antonieta,musica,2026-09-05,2026-09-05,17:30,,Bugio Centro,,,Rua Victor Meirelles,Roda de samba aos sábados.,0.98,Evento colaborativo.,bugiocentro,2026-09-05T14:33:35.000Z,https://www.instagram.com/p/Dc6L5CwlCFk/,Dc6L5CwlCFk,imagem 5: UnidentifiedImageError; imagem 6: UnidentifiedImageError; imagem 7: UnidentifiedImageError; imagem 8: UnidentifiedImageError,Dc6L5CwlCFk,1
ddc0adb4e27de3b2853b807f2a54905bbc9fc0bccfe25ab7fb9790ac7d889555,,,,,Baile Black com Deejay Mon-Rá,musica,2026-09-05,2026-09-05,22:30,,Bugio Centro,,,salão do Bugio Centro,Noite de sábado com black music de Deejay Mon-Rá.,0.95,Indicado como gratuito para clientes.,bugiocentro,2026-09-05T14:33:35.000Z,https://www.instagram.com/p/Dc6L5CwlCFk/,Dc6L5CwlCFk,imagem 5: UnidentifiedImageError; imagem 6: UnidentifiedImageError; imagem 7: UnidentifiedImageError; imagem 8: UnidentifiedImageError,Dc6L5CwlCFk,2
04d0b03dd24ddf6ca68196bb29fe45a522448e62352178a97adff859b1c1f65c,,,,,Samba do Largo,musica,2026-09-06,2026-09-06,13:00,,Bugio Centro,,,Largo da Antonieta,Roda de samba de domingo com participação de Sicilia.,0.96,Evento colaborativo.,bugiocentro,2026-09-05T14:33:35.000Z,https://www.instagram.com/p/Dc6L5CwlCFk/,Dc6L5CwlCFk,imagem 5: UnidentifiedImageError; imagem 6: UnidentifiedImageError; imagem 7: UnidentifiedImageError; imagem 8: UnidentifiedImageError,Dc6L5CwlCFk,3
9243fa4d335ba4229c578c971c0ce8db6ca9905bdea0c261ac419af641d25392,,,,,Vinilaria Bugio,musica,2026-09-06,2026-09-06,17:00,,Bugio Centro,,,Largo da Antonieta,Discotecagem em vinil no domingo.,0.94,Evento colaborativo.,bugiocentro,2026-09-05T14:33:35.000Z,https://www.instagram.com/p/Dc6L5CwlCFk/,Dc6L5CwlCFk,imagem 5: UnidentifiedImageError; imagem 6: UnidentifiedImageError; imagem 7: UnidentifiedImageError; imagem 8: UnidentifiedImageError,Dc6L5CwlCFk,4
2880a54acf6a2081ed92f89c3bb02e3ffb609d2cf5264e541a94a863b4c0c2e7,,,,,Arruda Sessions,musica,2026-09-06,2026-09-06,22:30,,Bugio Centro,,,salão do Bugio Centro,Noite de domingo com DJ Pretana e Castelan.,0.95,Indicado como gratuito para clientes.,bugiocentro,2026-09-05T14:33:35.000Z,https://www.instagram.com/p/Dc6L5CwlCFk/,Dc6L5CwlCFk,imagem 5: UnidentifiedImageError; imagem 6: UnidentifiedImageError; imagem 7: UnidentifiedImageError; imagem 8: UnidentifiedImageError,Dc6L5CwlCFk,5
7b97983557180f0b3d547057db84d5916a0c9311ed3ce1ec59895223237f3b4e,,,,,Samba da Democracia,musica,2026-09-07,2026-09-07,17:00,22:00,Bugio Centro,,,Largo da Antonieta,Apresentação de samba com Quarteto Marimbondo e Bárbara Damásio.,0.97,Evento colaborativo.,bugiocentro,2026-09-05T14:33:35.000Z,https://www.instagram.com/p/Dc6L5CwlCFk/,Dc6L5CwlCFk,imagem 5: UnidentifiedImageError; imagem 6: UnidentifiedImageError; imagem 7: UnidentifiedImageError; imagem 8: UnidentifiedImageError,Dc6L5CwlCFk,6
d7e79adbbdd93ef700530f11007f1b160adb7966b093abffaa7d3ef9aac786f4,,,,,1º Festival Literário de Florianópolis,cultura,,,,,,,,,"Comunicado sobre o 1º Festival Literário de Florianópolis, com votação para escolha de nova sigla do evento.",0.98,"Post não informa data, horário ou local do festival; conteúdo é um comunicado/ajuste de identidade do evento.",setorialhumanidadesfloripa,2026-09-05T00:42:56.000Z,https://www.instagram.com/p/Dc4s1GbDOBQ/,Dc4s1GbDOBQ,,Dc4s1GbDOBQ,0
3f60ec909ac6d80286e175bd8dd198cfd7dc2563d6bac2e3b8575e198734cb14,,,,,Samba com Gabriel Rosa / O Rosa no Samba do Araçá,musica,2026-09-06,2026-09-06,19:00,,Samba do Araçá,,Lagoa da Conceição,,"Apresentação musical de O Rosa no Samba do Araçá, com entrada gratuita até 18h.",0.97,"A imagem também menciona 'Casa abre às 12h', mas esse é horário de abertura do local, não do evento principal.",oaracabotequim,2026-09-04T21:47:22.000Z,https://www.instagram.com/p/Dc4YV4Qv78y/,Dc4YV4Qv78y,,Dc4YV4Qv78y,0
62dcf7f78001a4f26cc9d2f9bfd4fa6cb5ad5064dfc99c6663a72ab09e30a41f,,,,,"Oficina “Imagens que criam mundos: narrativas da paisagem, do amor e das ausências na história da arte”",cultura,2026-08-01,2026-09-30,,,Fundação Cultural Badesc,,,,Oficina ministrada por Marlen De Martino realizada durante os meses de agosto e setembro.,0.98,A legenda informa que o curso foi realizado ao longo dos meses de agosto e setembro; não há data exata nem horários.,fundacaoculturalbadesc,2026-09-04T21:30:03.000Z,https://www.instagram.com/p/Dc4WzeMDuPd/,Dc4WzeMDuPd,imagem 9: UnidentifiedImageError; imagem 10: UnidentifiedImageError,Dc4WzeMDuPd,0
425e6f7925b79ea695347afd50226885afe0d67bbc719431341e6a6821d2ad83,,,,,Show ao vivo da Kumba Groove,musica,2026-09-03,2026-09-03,,,Bugio,,,,Show da Kumba Groove realizado na Bugio.,0.97,"A legenda indica que o show aconteceu 'ontem' em relação à data da publicação (2026-09-04), portanto a data inferida é 2026-09-03.",kumba.groove,2026-09-04T20:19:24.000Z,https://www.instagram.com/p/Dc4Oq8CGN3z/,Dc4Oq8CGN3z,,Dc4Oq8CGN3z,0
18b12a2ab4876834685756c7385632a7b273960bf2e0fe00367d8e1455323926,,,,,"A MOSTRA de Processos – aulas de canto, violão e percussão",musica,2026-09-10,2026-09-10,,,Salão da Bugio,,,,"Mostra de processos com aulas de canto, violão e percussão.",0.95,,bugiolab,2026-09-04T19:09:23.000Z,https://www.instagram.com/p/Dc4GqNLEaxO/,Dc4GqNLEaxO,,Dc4GqNLEaxO,0
b38f61398f8ab94ca17e6575eaea114ce3d0754d0206572535f3e856663c4b38,,,,,Encontro Coletiva Linha dos Desterro,cultura,2026-09-12,2026-09-12,,,,,,Gratuito na rua,Encontro aberto da Coletiva Linha dos Desterro.,0.9,Horário não informado.,bugiolab,2026-09-04T19:09:23.000Z,https://www.instagram.com/p/Dc4GqNLEaxO/,Dc4GqNLEaxO,,Dc4GqNLEaxO,1
ab3210c3956ff9ba251ba8ab79c64312974126b8d38beae7abfdd79b77709d08,,,,,Encontro Modelo Vivo,cultura,2026-09-12,2026-09-12,16:00,18:30,Bugio Lab,"R. Victor Meirelles, 112, 2º andar",,,Encontro para desenhar e trocar em coletivo com poses intermediárias.,0.99,,bugiolab,2026-09-04T19:09:23.000Z,https://www.instagram.com/p/Dc4GqNLEaxO/,Dc4GqNLEaxO,,Dc4GqNLEaxO,2
4c91893518c9c079d7521d2bd91a3625a3a5d58715313ce184200bf1da1d6a20,,,,,Vozes à Solta,musica,2026-09-15,2026-09-15,19:00,,Bugio Lab,"R. Victor Meirelles, 112, 2º andar",,,Oficina de canto com Rodrigo Mancusi.,0.98,,bugiolab,2026-09-04T19:09:23.000Z,https://www.instagram.com/p/Dc4GqNLEaxO/,Dc4GqNLEaxO,,Dc4GqNLEaxO,3
fefbbef802deeec5f3e8d17a21950280abc9e0819ecc08c5a92d79aeb39095ef,,,,,Do Lado Avesso – O bordado como instrumento subversivo,cultura,2026-09-19,2026-09-19,13:00,,Bugio Lab,"R. Victor Meirelles, 112, 2º andar",,,Oficina de bordado com Luana Lopes.,0.98,,bugiolab,2026-09-04T19:09:23.000Z,https://www.instagram.com/p/Dc4GqNLEaxO/,Dc4GqNLEaxO,,Dc4GqNLEaxO,4
bb63ce275e96478d934509faa24291a82e0ce6406e102374b31db1aab65c19ba,,,,,Canecas Criativas em Cerâmica,cultura,2026-09-19,2026-09-19,14:00,,Bugio Lab,"R. Victor Meirelles, 112, 2º andar",,,Oficina de cerâmica com Thaís Dutra.,0.98,A imagem informa sábado 14h; a legenda não traz outro horário.,bugiolab,2026-09-04T19:09:23.000Z,https://www.instagram.com/p/Dc4GqNLEaxO/,Dc4GqNLEaxO,,Dc4GqNLEaxO,5
c2a536ddb5cb1cc45a8b874fd07270cdd84347ffeb2720bede0e083de7e65365,,,,,Aulão Gratuito de Forró,musica,2026-09-25,2026-09-25,,,,,,,Aulão gratuito de forró com Prof. Baby Trindade.,0.96,Horário não informado.,bugiolab,2026-09-04T19:09:23.000Z,https://www.instagram.com/p/Dc4GqNLEaxO/,Dc4GqNLEaxO,,Dc4GqNLEaxO,6
fd190a4155df38f06df98eb20dea7469b9f9271f8f470fa476c83d8530736987,,,,,Oficina de Carimbos Monstruosos para Crianças,cultura,2026-09-26,2026-09-26,13:00,,Bugio Lab,"R. Victor Meirelles, 112, 2º andar",,,Oficina de carimbos para crianças com Marceli Mengarda.,0.99,,bugiolab,2026-09-04T19:09:23.000Z,https://www.instagram.com/p/Dc4GqNLEaxO/,Dc4GqNLEaxO,,Dc4GqNLEaxO,7
0ea5498d661fa5ad3cf57d7e764713a917c3450b1c8db24c635176d56017345d,,,,,Oficina de Crochê,cultura,2026-09-26,2026-09-26,13:30,,Bugio Lab,"R. Victor Meirelles, 112, 2º andar",,,Oficina de crochê com Maiara (Lala).,0.99,,bugiolab,2026-09-04T19:09:23.000Z,https://www.instagram.com/p/Dc4GqNLEaxO/,Dc4GqNLEaxO,,Dc4GqNLEaxO,8
2990ff51ee48b1b2204c23072894f778871b01df4ee8f80cc1183d0102f55449,,,,,Laboratório de Impressão 3D,cultura,2026-09-26,2026-09-26,13:00,,Bugio Lab,"R. Victor Meirelles, 112, 2º andar",,,Laboratório de impressão 3D com Luli e Mau.,0.98,,bugiolab,2026-09-04T19:09:23.000Z,https://www.instagram.com/p/Dc4GqNLEaxO/,Dc4GqNLEaxO,,Dc4GqNLEaxO,9
8399567a95f4a78077d16597a22ba6c5b5c53e99f8238782becb2ff09bff6b41,,,,,Forró da Xepa,musica,2026-09-05,,20:00,,Bugiotrindade,,,,"Apresentação do trio A Xepa no forró do sábado, com promoção de chope em dobro até as 20h.",0.98,"A imagem indica 05/09 (sábado), coerente com a data de publicação em 2026-09-04.",bugiotrindade,2026-09-04T14:57:28.000Z,https://www.instagram.com/p/Dc3p0xbuKu5/,Dc3p0xbuKu5,,Dc3p0xbuKu5,0
